<?xml version="1.0" encoding="UTF-8"?>
<project-private xmlns="http://www.netbeans.org/ns/project-private/1">
    <editor-bookmarks xmlns="http://www.netbeans.org/ns/editor-bookmarks/2" lastBookmarkId="0"/>
    <open-files xmlns="http://www.netbeans.org/ns/projectui-open-files/2">
        <group>
            <file>file:/C:/Users/Nicoll%20Pinzon/Documents/GitHub/Proyecto-1-EDD/Proyectito/src/Interfaz/Agregar_Amigo.java</file>
            <file>file:/C:/Users/Nicoll%20Pinzon/Documents/GitHub/Proyecto-1-EDD/Proyectito/src/Interfaz/Agregar_tiempo.java</file>
            <file>file:/C:/Users/Nicoll%20Pinzon/Documents/GitHub/Proyecto-1-EDD/Proyectito/test/users.txt</file>
            <file>file:/C:/Users/Nicoll%20Pinzon/Documents/GitHub/Proyecto-1-EDD/Proyectito/test/users_1.txt</file>
            <file>file:/C:/Users/Nicoll%20Pinzon/Documents/GitHub/Proyecto-1-EDD/Proyectito/src/Interfaz/Guardcar_Usuario.java</file>
            <file>file:/C:/Users/Nicoll%20Pinzon/Documents/GitHub/Proyecto-1-EDD/Proyectito/src/proyectito/NodoLista.java</file>
            <file>file:/C:/Users/Nicoll%20Pinzon/Documents/GitHub/Proyecto-1-EDD/Proyectito/src/Interfaz/Menu.java</file>
            <file>file:/C:/Users/Nicoll%20Pinzon/Documents/GitHub/Proyecto-1-EDD/Proyectito/src/Interfaz/Listas_puentes.java</file>
            <file>file:/C:/Users/Nicoll%20Pinzon/Documents/GitHub/Proyecto-1-EDD/Proyectito/src/proyectito/Mostrar_Grafo2.java</file>
            <file>file:/C:/Users/Nicoll%20Pinzon/Documents/GitHub/Proyecto-1-EDD/Proyectito/src/Interfaz/Cliente_guardar.java</file>
            <file>file:/C:/Users/Nicoll%20Pinzon/Documents/GitHub/Proyecto-1-EDD/Proyectito/src/Interfaz/Amigo_eliminar2.java</file>
            <file>file:/C:/Users/Nicoll%20Pinzon/Documents/GitHub/Proyecto-1-EDD/Proyectito/src/Interfaz/Bienvenido20.java</file>
            <file>file:/C:/Users/Nicoll%20Pinzon/Documents/GitHub/Proyecto-1-EDD/Proyectito/src/proyectito/ListaClass.java</file>
            <file>file:/C:/Users/Nicoll%20Pinzon/Documents/GitHub/Proyecto-1-EDD/Proyectito/src/proyectito/Main.java</file>
            <file>file:/C:/Users/Nicoll%20Pinzon/Documents/GitHub/Proyecto-1-EDD/Proyectito/src/proyectito/TxtManager.java</file>
            <file>file:/C:/Users/Nicoll%20Pinzon/Documents/GitHub/Proyecto-1-EDD/Proyectito/src/proyectito/Grafo.java</file>
        </group>
    </open-files>
</project-private>
